run_code,company_id,date,file_type,taxonomy,balance_sheet_date,companies_house_registered_number,entity_current_legal_name,company_dormant,average_number_employees_during_period,period_start,period_end,tangible_fixed_assets,debtors,cash_bank_in_hand,current_assets,creditors_due_within_one_year,creditors_due_after_one_year,net_current_assets_liabilities,total_assets_less_current_liabilities,net_assets_liabilities_including_pension_asset_liability,called_up_share_capital,profit_loss_account_reserve,shareholder_funds,turnover_gross_operating_revenue,other_operating_income,cost_sales,gross_profit_loss,administrative_expenses,raw_materials_consumables,staff_costs,depreciation_other_amounts_written_off_tangible_intangible_fixed_assets,other_operating_charges_format2,operating_profit_loss,profit_loss_on_ordinary_activities_before_tax,tax_on_profit_or_loss_on_ordinary_activities,profit_loss_for_period,error,zip_url
Prod223_3873,00036148,2024-07-31,html,,2024-07-31,00036148,Walsall Business Support Limited,False,4.0,2023-08-01,2024-07-31,,,,,,,,,,,,,,,,,,,,,,,,,9712.0,,
Prod223_3873,00036148,2024-07-31,html,,2024-07-31,00036148,Walsall Business Support Limited,False,4.0,2022-08-01,2023-07-31,,,,,,,,,,,,,,,,,,,,,,,,,420014.0,,
Prod223_3873,00440706,2023-12-31,html,,2023-12-31,00440706,GENERAC GLOBAL UK LIMITED,False,1.0,2022-01-01,2022-12-31,,,,,,,,,,,,,,,,,34000.0,,,,,,200000.0,56000.0,144000.0,,
Prod223_3873,00452971,2024-04-30,html,,2024-04-30,00452971,R. TINCKNELL & SON LIMITED,False,45.0,2023-05-01,2024-04-30,,,,,,,,,,,,,,,,,,,,,,,,,497246.0,,
Prod223_3873,00559866,2024-07-31,html,,2024-07-31,00559866,E.WILLIAMS (FARMERS) LIMITED,False,2.0,2023-08-01,2024-07-31,,,,,,,,,,,,,,,,,,,,,,,,,13796.0,,
Prod223_3873,00961158,2024-05-31,html,,2024-05-31,00961158,IFS LIMITED,False,0.0,2023-06-01,2024-05-31,,,,,,,,,,,,,,,,,,,,,,,,,61668.0,,
Prod223_3873,01226136,2024-06-30,html,,2024-06-30,01226136,Marlaroy Investments Limited,False,1.0,2023-07-01,2024-06-30,,,,,,,,,,,,,,,,,,,,,,,,,57251.0,,
Prod223_3873,01338758,2024-06-30,html,,2024-06-30,01338758,WEST ONE BATHROOMS GROUP LIMITED,False,0.0,2023-07-01,2024-06-30,,,,,,,,,,,,,,,16074864.0,,5356559.0,,5097358.0,,,,,438144.0,924544.0,,
Prod223_3873,01338758,2024-06-30,html,,2024-06-30,01338758,WEST ONE BATHROOMS GROUP LIMITED,False,0.0,2022-07-01,2023-06-30,,,,,,,,,,,,,,,18267078.0,,5090106.0,,4582059.0,,,,,501218.0,1284280.0,,
Prod223_3873,01356065,2024-06-30,html,,2024-06-30,01356065,WEST ONE BATHROOMS LIMITED,False,85.0,2023-07-01,2024-06-30,,,,,,,,,,,,,,,15254808.0,,4796498.0,,5097358.0,,,,1448727.0,385000.0,1063727.0,,
Prod223_3873,01356065,2024-06-30,html,,2024-06-30,01356065,WEST ONE BATHROOMS LIMITED,False,85.0,2022-07-01,2023-06-30,,,,,,,,,,,,,,,17500774.0,,4575410.0,,4582059.0,,,,1781541.0,446144.0,1335397.0,,
Prod223_3873,01373154,2024-07-31,html,,2024-07-31,01373154,NBC Group Limited,False,54.0,2023-08-01,2024-07-31,,,,,,,,,,,,,13731079.0,,7564860.0,6166219.0,4428690.0,,3095031.0,,,1516036.0,1677593.0,412652.0,1264941.0,,
Prod223_3873,01373154,2024-07-31,html,,2024-07-31,01373154,NBC Group Limited,False,54.0,2022-08-01,2023-07-31,,,,,,,,,,,,,15000188.0,,8508722.0,6491466.0,4474316.0,,3069498.0,,,1734149.0,1760418.0,338234.0,1422184.0,,
Prod223_3873,01715028,2024-04-30,html,,2024-04-30,01715028,Forest Equipment Services Limited,False,3.0,2023-05-01,2024-04-30,,,,,,,,,,,,,,,,,,,,,,,,,61654.0,,
Prod223_3873,01802315,2024-04-30,html,,2024-04-30,01802315,Blasemere Limited,False,14.0,2023-05-01,2024-04-30,,,,,,,,,,,,,,,,,,,,,,,,,414224.0,,
Prod223_3873,01814640,2024-06-30,html,,2024-06-30,01814640,D A BENHAM ENGINEERING LIMITED,False,75.0,2023-07-01,2024-06-30,,,,,,,,,,,,,,,8180142.0,,2258014.0,,3963398.0,,,,509985.0,15117.0,494868.0,,
Prod223_3873,01814640,2024-06-30,html,,2024-06-30,01814640,D A BENHAM ENGINEERING LIMITED,False,75.0,2022-07-01,2023-06-30,,,,,,,,,,,,,,,6209279.0,,2194765.0,,3585927.0,,,,689144.0,18944.0,670200.0,,
Prod223_3873,02039210,2023-12-31,html,,2023-12-31,02039210,PROTEC FIRE AND SECURITY GROUP LIMITED,False,2.0,2023-01-01,2023-12-31,,,,,,,,,,,,,,,,,9446.0,,,,,,23111848.0,118500.0,22993348.0,,
Prod223_3873,02039210,2023-12-31,html,,2023-12-31,02039210,PROTEC FIRE AND SECURITY GROUP LIMITED,False,2.0,2021-09-01,2022-12-31,,,,,,,,,,,,,,,,,-262317.0,,,,,,24459374.0,53317.0,24406057.0,,
Prod223_3873,02047036,2024-08-31,html,,2024-08-31,02047036,P.N.G. ASSOCIATES LIMITED,False,2.0,2023-09-01,2024-08-31,,,,,,,,,,,,,,,,,,,,,,,,,52210.0,,
Prod223_3873,02101575,2024-04-30,html,,2024-04-30,02101575,ALLAN WHITE TRADING LIMITED,False,3.0,2023-05-01,2024-04-30,,,,,,,,,,,,,,,,,,,,,,,,,82536.0,,
Prod223_3873,02597736,2024-05-31,html,,2024-05-31,02597736,INSIDE OUT DEVELOPMENTS LIMITED,False,74.0,2023-06-01,2024-05-31,,,,,,,,,,,,,,,15461491.0,,3130780.0,,4391248.0,,,,1627920.0,445789.0,1182131.0,,
Prod223_3873,02597736,2024-05-31,html,,2024-05-31,02597736,INSIDE OUT DEVELOPMENTS LIMITED,False,74.0,2022-06-01,2023-05-31,,,,,,,,,,,,,,,15894144.0,,2610311.0,,3776059.0,,,,1547120.0,316455.0,1230665.0,,
Prod223_3873,02618642,2024-06-30,html,,2024-06-30,02618642,B & P FABRICATIONS (LEICESTER) LIMITED,False,135.0,2023-07-01,2024-06-30,,,,,,,,,,,,,,,8381149.0,,2692833.0,,4020979.0,,,,583584.0,115593.0,467991.0,,
Prod223_3873,02618642,2024-06-30,html,,2024-06-30,02618642,B & P FABRICATIONS (LEICESTER) LIMITED,False,135.0,2022-07-01,2023-06-30,,,,,,,,,,,,,,,11193125.0,,2426963.0,,4450812.0,,,,1292361.0,336630.0,955731.0,,
Prod223_3873,02700420,2024-04-30,html,,2024-04-30,02700420,QUEENS STAITH LEISURE LIMITED,False,146.0,2023-05-01,2024-04-30,,,,,,,,,,,,,,,4369767.0,,2428975.0,,2222060.0,,,,,690657.0,1297442.0,,
Prod223_3873,02700420,2024-04-30,html,,2024-04-30,02700420,QUEENS STAITH LEISURE LIMITED,False,146.0,2022-05-01,2023-04-30,,,,,,,,,,,,,,,3288248.0,,2139138.0,,1994545.0,,,,,395237.0,1265438.0,,
Prod223_3873,02823510,2024-06-30,html,,2024-06-30,02823510,GLADSTONE COURT (LONDON) MANAGEMENT LIMITED,False,0.0,2023-07-01,2024-06-30,,,,,,,,,,,,,,,,,,,,,,,,,3170.0,,
Prod223_3873,02943975,2024-09-30,html,,2024-09-30,02943975,Earl Estates Limited,False,4.0,2023-10-01,2024-09-30,,,,,,,,,,,,,,,,,,,,,,,,,657708.0,,
Prod223_3873,02943975,2024-09-30,html,,2024-09-30,02943975,Earl Estates Limited,False,4.0,2022-10-01,2023-09-30,,,,,,,,,,,,,,,,,,,,,,,,,390252.0,,
Prod223_3873,03186553,2024-04-30,html,,2024-04-30,03186553,Easycomp Limited,False,2.0,2023-05-01,2024-04-30,,,,,,,,,,,,,,,,,,,,,,,,,70613.0,,
Prod223_3873,03292594,2024-07-31,html,,2024-07-31,03292594,Campion Holdings Limited,False,54.0,2023-08-01,2024-07-31,,,,,,,,,,,,,,,,,,,,,,,,,1264941.0,,
Prod223_3873,03292594,2024-07-31,html,,2024-07-31,03292594,Campion Holdings Limited,False,54.0,2022-08-01,2023-07-31,,,,,,,,,,,,,,,,,,,,,,,,,1422184.0,,
Prod223_3873,03342431,2024-04-30,html,,2024-04-30,03342431,Specialist Training Consultants Ltd,False,3.0,2022-05-01,2023-04-30,,,,,,,,,,,,,330958.0,1159.0,,,,126379.0,69681.0,,,,83251.0,9902.0,73349.0,,
Prod223_3873,03554289,2024-04-30,html,,2024-04-30,03554289,SCOMAC SERVICES LTD,False,54.0,2023-05-01,2024-04-30,,,,,,,,,,,,,18392746.0,,12596082.0,5796664.0,3192907.0,,3375294.0,,,2604348.0,2658385.0,665411.0,1992974.0,,
Prod223_3873,03554289,2024-04-30,html,,2024-04-30,03554289,SCOMAC SERVICES LTD,False,54.0,2022-05-01,2023-04-30,,,,,,,,,,,,,36158363.0,,25051554.0,11106809.0,2835152.0,,2830465.0,,,8262606.0,8295061.0,1595202.0,6699859.0,,
Prod223_3873,03665264,2023-12-31,html,,2023-12-31,03665264,JENSEN UK LIMITED,False,20.0,2023-01-01,2023-12-31,,,,,,,,,,,,,,,8735167.0,,1806918.0,,1199300.0,,,,70174.0,10435.0,59739.0,,
Prod223_3873,03665264,2023-12-31,html,,2023-12-31,03665264,JENSEN UK LIMITED,False,20.0,2022-01-01,2022-12-31,,,,,,,,,,,,,,,13100150.0,,1690293.0,,1197921.0,,,,244427.0,46680.0,197747.0,,
Prod223_3873,03838520,2024-09-30,html,,2024-09-30,03838520,SPOKEMIST LIMITED,False,2.0,2023-10-01,2024-09-30,,,,,,,,,,,,,,,,,,,,,,,,,43006.0,,
Prod223_3873,03838520,2024-09-30,html,,2024-09-30,03838520,SPOKEMIST LIMITED,False,2.0,2022-10-01,2023-09-30,,,,,,,,,,,,,,,,,,,,,,,,,89392.0,,
Prod223_3873,03848633,2024-04-30,html,,2024-04-30,03848633,J P MIDDLETON (HOLDINGS) LIMITED,False,1.0,2023-05-01,2024-04-30,,,,,,,,,,,,,,,,,,,,,,,,,65493.0,,
Prod223_3873,03964089,2024-04-30,html,,2024-04-30,03964089,EXTERNAL FUNDING MATTERS LIMITED,False,1.0,2023-05-01,2024-04-30,,,,,,,,,,,,,115018.0,,,,,8194.0,27231.0,36.0,7959.0,,,15165.0,56433.0,,
Prod223_3873,03964089,2024-04-30,html,,2024-04-30,03964089,EXTERNAL FUNDING MATTERS LIMITED,False,1.0,2022-05-01,2023-04-30,,,,,,,,,,,,,75405.0,202.0,,,,13171.0,36384.0,254.0,9181.0,,,3198.0,13419.0,,
Prod223_3873,04204136,2024-05-31,html,,2024-05-31,04204136,LITTLEWOOD FENCING LIMITED,False,190.0,2023-06-01,2024-05-31,,,,,,,,,,,,,47686126.0,,36990528.0,10695598.0,8922989.0,,11558438.0,,,,1704747.0,396420.0,1308327.0,,
Prod223_3873,04204136,2024-05-31,html,,2024-05-31,04204136,LITTLEWOOD FENCING LIMITED,False,190.0,2022-06-01,2023-05-31,,,,,,,,,,,,,30518012.0,,22835665.0,7682347.0,6451864.0,,14838240.0,,,,1216022.0,203498.0,1012524.0,,
Prod223_3873,04428320,2024-04-30,html,,2024-04-30,04428320,CONCEPT INTERIORS MANAGEMENT LIMITED,False,12.0,2023-05-01,2024-04-30,,,,,,,,,,,,,,,,,,,,,,,,,138363.0,,
Prod223_3873,04562512,2024-08-31,html,,2024-08-31,04562512,Reatech Dental Services Limited,False,2.0,2023-09-01,2024-08-31,,,,,,,,,,,,,,,,,,,,,,,,,25471.0,,
Prod223_3873,04598875,2024-09-30,html,,2024-09-30,04598875,Earl (Northampton) Limited,False,0.0,2023-10-01,2024-09-30,,,,,,,,,,,,,,,,,,,,,,,,,124841.0,,
Prod223_3873,04598875,2024-09-30,html,,2024-09-30,04598875,Earl (Northampton) Limited,False,0.0,2022-10-01,2023-09-30,,,,,,,,,,,,,,,,,,,,,,,,,127624.0,,
Prod223_3873,04620494,2024-03-31,html,,2024-03-31,04620494,EXCEK OFFICE SOLUTIONS LIMITED,False,2.0,2023-04-01,2024-03-31,,,,,,,,,,,,,,,,,,,,,,,,,33022.0,,
Prod223_3873,04620494,2024-03-31,html,,2024-03-31,04620494,EXCEK OFFICE SOLUTIONS LIMITED,False,2.0,2022-04-01,2023-03-31,,,,,,,,,,,,,,,,,,,,,,,,,414647.0,,
Prod223_3873,04714044,2024-04-30,html,,2024-04-30,04714044,FOOK LAM LIMITED,,5.0,2023-05-01,2024-04-30,,,,,,,,,,,,,,,,,,,,,,,,,13380.0,,
Prod223_3873,04714044,2024-04-30,html,,2024-04-30,04714044,FOOK LAM LIMITED,,5.0,2022-05-01,2023-04-30,,,,,,,,,,,,,,,,,,,,,,,,,10628.0,,
Prod223_3873,04739990,2024-03-09,html,,2024-03-09,04739990,S. Y. U. LTD TRADING AS NEW KING WAH,,4.0,2023-07-01,2024-03-09,,,,,,,,,,,,,,,,,,,,,,,,,3255.0,,
Prod223_3873,04739990,2024-03-09,html,,2024-03-09,04739990,S. Y. U. LTD TRADING AS NEW KING WAH,,4.0,2022-07-01,2023-06-30,,,,,,,,,,,,,,,,,,,,,,,,,4184.0,,
Prod223_3873,05136340,2024-05-31,html,,2024-05-31,05136340,Eggleton Planning And Design Limited,False,1.0,2023-06-01,2024-05-31,,,,,,,,,,,,,,,,,,,,,,,,,16378.0,,
Prod223_3873,05290188,2024-04-30,html,,2024-04-30,05290188,PRIDETIME LTD,False,0.0,2023-05-01,2024-04-30,,,,,,,,,,,,,,,,,,,,,,,,,12306.0,,
Prod223_3873,05364727,2024-03-31,html,,2024-03-31,05364727,LEE PORTER GOLF SOLUTIONS LTD,False,7.0,2023-04-01,2024-03-31,,,,,,,,,,,,,,,,,,,,,,,,,17409.0,,
Prod223_3873,05628108,2024-09-30,html,,2024-09-30,05628108,Earl (Kenilworth) Limited,False,0.0,2023-10-01,2024-09-30,,,,,,,,,,,,,,,,,,,,,,,,,208339.0,,
Prod223_3873,05628108,2024-09-30,html,,2024-09-30,05628108,Earl (Kenilworth) Limited,False,0.0,2022-10-01,2023-09-30,,,,,,,,,,,,,,,,,,,,,,,,,490979.0,,
Prod223_3873,05641457,2024-12-31,html,,2024-12-31,05641457,JAMES BEST LIMITED,False,2.0,2024-01-01,2024-12-31,,,,,,,,,,,,,19185.0,,,,,10033.0,8320.0,,,,,0.0,832.0,,
Prod223_3873,05882056,2024-07-31,html,,2024-07-31,05882056,Mosaic Island Ltd,False,33.0,2023-08-01,2024-07-31,,,,,,,,,,,,,16249369.0,,13543193.0,2706176.0,1685244.0,,3840784.0,15023.0,,,1021257.0,256826.0,764431.0,,
Prod223_3873,05882056,2024-07-31,html,,2024-07-31,05882056,Mosaic Island Ltd,False,33.0,2022-08-01,2023-07-31,,,,,,,,,,,,,16870940.0,,14336303.0,2534637.0,1628941.0,,3698362.0,16903.0,,,901983.0,188491.0,713492.0,,
Prod223_3873,05889980,2024-07-31,html,,2024-07-31,05889980,P & D PROPERTY DEVELOPERS LIMITED,False,1.0,2023-08-01,2024-07-31,,,,,,,,,,,,,,,,,,,,,,,,,14657.0,,
Prod223_3873,05997821,2024-04-30,html,,2024-04-30,05997821,INNERDRIVE LIMITED,False,11.0,2023-05-01,2024-04-30,,,,,,,,,,,,,,,,,,,,,,,,,13125.0,,
Prod223_3873,06054071,2024-09-30,html,,2024-09-30,06054071,Earl (Oxford) Limited,False,0.0,2022-10-01,2023-09-30,,,,,,,,,,,,,,,,,,,,,,,,,253766.0,,
Prod223_3873,06228667,2024-04-30,html,,2024-04-30,06228667,Liz Knights Travel Ltd,False,2.0,2023-05-01,2024-04-30,,,,,,,,,,,,,,,,,,,,,,,,,42580.0,,
Prod223_3873,06248612,2024-04-30,html,,2024-04-30,06248612,M WIDDOWSON LTD,False,2.0,2023-05-01,2024-04-30,,,,,,,,,,,,,19483.0,,,,,,,,,,,,19483.0,,
Prod223_3873,06248612,2024-04-30,html,,2024-04-30,06248612,M WIDDOWSON LTD,False,2.0,2022-05-01,2023-04-30,,,,,,,,,,,,,51476.0,,,,,,,,,,,,51476.0,,
Prod223_3873,06335025,2024-08-31,html,,2024-08-31,06335025,Elvin Technologies Limited,False,2.0,2023-09-01,2024-08-31,,,,,,,,,,,,,,,,,,,,,,,,,58871.0,,
Prod223_3873,06598369,2024-06-30,html,,2024-06-30,06598369,WORKPLATFORM LIMITED,False,26.0,2023-07-01,2024-06-30,,,,,,,,,,,,,,,13131911.0,,3028122.0,,1452644.0,,,,624393.0,160359.0,464034.0,,
Prod223_3873,06598369,2024-06-30,html,,2024-06-30,06598369,WORKPLATFORM LIMITED,False,26.0,2022-07-01,2023-06-30,,,,,,,,,,,,,,,17159166.0,,2988761.0,,1427235.0,,,,1776874.0,366510.0,1410364.0,,
Prod223_3873,06750019,2024-11-30,html,,2024-11-30,06750019,MONS STAR LIMITED,False,1.0,2023-12-01,2024-11-30,,,,,,,,,,,,,177748.0,0.0,,,,0.0,26496.0,0.0,1254.0,,,35999.0,113999.0,,
Prod223_3873,06750019,2024-11-30,html,,2024-11-30,06750019,MONS STAR LIMITED,False,1.0,2022-12-01,2023-11-30,,,,,,,,,,,,,189545.0,0.0,,,,0.0,25496.0,0.0,1840.0,,,36452.0,125757.0,,
Prod223_3873,06760533,2024-06-30,html,,2024-06-30,06760533,Avtel (UK) Limited,False,31.0,2023-07-01,2024-06-30,,,,,,,,,,,,,11716887.0,,8951392.0,2765495.0,1739304.0,,2706388.0,,,632341.0,,,458116.0,,
Prod223_3873,06760533,2024-06-30,html,,2024-06-30,06760533,Avtel (UK) Limited,False,31.0,2022-07-01,2023-06-30,,,,,,,,,,,,,6865461.0,,4932026.0,1933435.0,1533514.0,,2511445.0,,,204687.0,,,179008.0,,
Prod223_3873,06799634,2024-07-31,html,,2024-07-31,06799634,KRONE UK LTD,False,39.0,2023-08-01,2024-07-31,,,,,,,,,,,,,,,17008780.0,,4160806.0,,2192752.0,,,,294643.0,70318.0,224325.0,,
Prod223_3873,06799634,2024-07-31,html,,2024-07-31,06799634,KRONE UK LTD,False,39.0,2022-08-01,2023-07-31,,,,,,,,,,,,,,,27423674.0,,3852650.0,,2052704.0,,,,412589.0,91095.0,321494.0,,
Prod223_3873,06935687,2024-06-30,html,,2024-06-30,06935687,CHAMPION WINES LTD,False,2.0,2023-07-01,2024-06-30,,,,,,,,,,,,,203570.0,0.0,,,,136417.0,32955.0,0.0,29777.0,,,840.0,3581.0,,
Prod223_3873,06935687,2024-06-30,html,,2024-06-30,06935687,CHAMPION WINES LTD,False,2.0,2022-07-01,2023-06-30,,,,,,,,,,,,,226954.0,392.0,,,,160439.0,31581.0,0.0,29993.0,,,1013.0,4320.0,,
Prod223_3873,07010067,2024-11-30,html,,2024-11-30,07010067,JZP Solutions Ltd,False,1.0,2023-10-01,2024-11-30,,,,,,,,,,,,,3992.0,,,,,,,,,,,,2154.0,,
Prod223_3873,07012143,2024-04-30,html,,2024-04-30,07012143,VKG CONSULTING LTD,False,0.0,2023-05-01,2024-04-30,,,,,,,,,,,,,3600.0,,,,,,,,3199.0,,,52.0,349.0,,
Prod223_3873,07012143,2024-04-30,html,,2024-04-30,07012143,VKG CONSULTING LTD,False,0.0,2022-05-01,2023-04-30,,,,,,,,,,,,,12896.0,,,,,,,,12191.0,,,104.0,601.0,,
Prod223_3873,07188210,2024-03-31,html,,2024-03-31,07188210,Simon Thomas (UK) Limited,False,1.0,2023-04-01,2024-03-31,,,,,,,,,,,,,,,,,,,,,,,,,119312.0,,
Prod223_3873,07427650,2024-03-31,html,,2024-03-31,07427650,LANTALLIC CONSTRUCTION LIMITED,False,2.0,2023-04-01,2024-03-31,,,,,,,,,,,,,,,,,,,,,,,,,66178.0,,
Prod223_3873,07446373,2024-04-30,html,,2024-04-30,07446373,MFA BUILDING SERVICES LIMITED,False,2.0,2023-05-01,2024-04-30,,,,,,,,,,,,,111482.0,0.0,,,,39603.0,25140.0,1401.0,8939.0,,,7854.0,28545.0,,
Prod223_3873,07446373,2024-04-30,html,,2024-04-30,07446373,MFA BUILDING SERVICES LIMITED,False,2.0,2022-05-01,2023-04-30,,,,,,,,,,,,,110335.0,0.0,,,,30051.0,24311.0,1839.0,11980.0,,,8359.0,33795.0,,
Prod223_3873,07520024,2024-04-30,html,,2024-04-30,07520024,Burden Bespoke Joinery Ltd,False,5.0,2023-05-01,2024-04-30,,,,,,,,,,,,,,,,,,,,,,,,,23426.0,,
Prod223_3873,07580103,2024-03-31,html,,2024-03-31,07580103,FIRST CHOICE CONSULTANTS LTD,False,0.0,2023-04-01,2024-03-31,,,,,,,,,,,,,,,,,,,,,,,,,12075.0,,
Prod223_3873,07580103,2024-03-31,html,,2024-03-31,07580103,FIRST CHOICE CONSULTANTS LTD,False,0.0,2022-04-01,2023-03-31,,,,,,,,,,,,,,,,,,,,,,,,,8154.0,,
Prod223_3873,07599998,2024-04-30,html,,2024-04-30,07599998,Delta Green Environmental Design Limited,False,14.0,2023-05-01,2024-04-30,,,,,,,,,,,,,,,,,,,,,,,,,209175.0,,
Prod223_3873,07624210,2024-05-31,html,,2024-05-31,07624210,CELIA BYATT EVENT CONSULTANCY LIMITED,False,1.0,2022-06-01,2023-05-31,,,,,,,,,,,,,52236.0,,,,,,9053.0,56.0,26838.0,,,6211.0,10078.0,,
Prod223_3873,07711081,2024-07-31,html,,2024-07-31,07711081,Accounting 4 Solutions Limited,False,1.0,2023-08-01,2024-07-31,,,,,,,,,,,,,,,,,,,,,,,,,27185.0,,
Prod223_3873,07722540,2024-03-31,html,,2024-03-31,07722540,ABG Legal Services Limited,False,1.0,2023-04-01,2024-03-31,,,,,,,,,,,,,,,,,,,,,,,,,73485.0,,
Prod223_3873,07743789,2024-08-31,html,,2024-08-31,07743789,A.J. (UK) Ltd,False,2.0,2023-09-01,2024-08-31,,,,,,,,,,,,,335236.0,,77792.0,257444.0,233363.0,,,,,24081.0,14776.0,,14776.0,,
Prod223_3873,07768868,2024-09-30,html,,2024-09-30,07768868,ROBERT MILNE ASSOCIATES LTD,False,1.0,2023-10-01,2024-09-30,,,,,,,,,,,,,,,,,,,,,,,,,2158.0,,
Prod223_3873,07882336,2024-12-31,html,,2024-12-31,07882336,Comptons Brow Management Company Ltd,False,3.0,2024-01-01,2024-12-31,,,,,,,,,,,,,1950.0,,,,,,,,,,,,3.0,,
Prod223_3873,08043396,2024-04-30,html,,2024-04-30,08043396,CREATIVE CAPTURE LTD,False,1.0,2023-05-01,2024-04-30,,,,,,,,,,,,,160159.0,,,,,45553.0,13239.0,21825.0,38937.0,,,10893.0,29712.0,,
Prod223_3873,08043396,2024-04-30,html,,2024-04-30,08043396,CREATIVE CAPTURE LTD,False,1.0,2022-05-01,2023-04-30,,,,,,,,,,,,,224884.0,,,,,22772.0,47134.0,9865.0,35895.0,,,19613.0,89605.0,,
Prod223_3873,08073206,2024-07-31,html,,2024-07-31,08073206,VERTEC LIMITED,False,60.0,2023-08-01,2024-07-31,,,,,,,,,,,,,,,10729523.0,,4102152.0,,3215828.0,,,,,199436.0,516143.0,,
Prod223_3873,08073206,2024-07-31,html,,2024-07-31,08073206,VERTEC LIMITED,False,60.0,2022-08-01,2023-07-31,,,,,,,,,,,,,,,17795978.0,,4423928.0,,3143322.0,,,,,144175.0,514231.0,,
Prod223_3873,08170845,2024-08-31,html,,2024-08-31,08170845,CLASS DELTA LTD,False,150.0,2023-09-01,2024-08-31,,,,,,,,,,,,,,,20117410.0,,21797982.0,,5713188.0,,,,8856010.0,2187805.0,6668205.0,,
Prod223_3873,08170845,2024-08-31,html,,2024-08-31,08170845,CLASS DELTA LTD,False,150.0,2022-09-01,2023-08-31,,,,,,,,,,,,,,,18878427.0,,17415654.0,,4748156.0,,,,6485392.0,1323381.0,5162011.0,,
Prod223_3873,08180478,2024-08-31,html,,2024-08-31,08180478,Danex Projects Limited,False,1.0,2023-09-01,2024-08-31,,,,,,,,,,,,,,,,,,,,,,,,,33997.0,,
Prod223_3873,08498371,2024-04-30,html,,2024-04-30,08498371,Philip Jarvis Estate Agent Limited,False,12.0,2023-05-01,2024-04-30,,,,,,,,,,,,,,,,,,,,,,,,,67968.0,,
Prod223_3873,08627126,2024-07-31,html,,2024-07-31,08627126,JPK BUILDING CONTRACTORS LIMITED,False,11.0,2023-08-01,2024-07-31,,,,,,,,,,,,,,,,,,,,,,,,,7173.0,,
Prod223_3873,08630093,2024-07-31,html,,2024-07-31,08630093,MARIA CONSULTING LTD,False,2.0,2023-08-01,2024-07-31,,,,,,,,,,,,,76560.0,,,,,,28800.0,,6498.0,,,8312.0,32950.0,,
Prod223_3873,08630093,2024-07-31,html,,2024-07-31,08630093,MARIA CONSULTING LTD,False,2.0,2022-08-01,2023-07-31,,,,,,,,,,,,,65114.0,,,,,,27602.0,,7852.0,,,5662.0,23998.0,,
Prod223_3873,08779456,2024-11-17,html,,2024-11-17,08779456,CSS STORAGE LTD,False,0.0,2023-11-18,2024-11-17,,,,,,,,,,,,,2873.0,,,,,,,,,,,497.0,2376.0,,
Prod223_3873,08779456,2024-11-17,html,,2024-11-17,08779456,CSS STORAGE LTD,False,0.0,2022-11-18,2023-11-17,,,,,,,,,,,,,10956.0,,,,,,,,,,,1017.0,9939.0,,
Prod223_3873,08845735,2024-04-30,html,,2024-04-30,08845735,TEWKESBURY PARK LIMITED,False,113.0,2023-05-01,2024-04-30,,,,,,,,,,,,,,,752359.0,,4178076.0,,2344448.0,,,,109580.0,39225.0,70355.0,,
Prod223_3873,08975495,2024-04-30,html,,2024-04-30,08975495,ALENG GENERAL CONSULTANTS & SERVICES LTD,False,0.0,2023-05-01,2024-04-30,,,,,,,,,,,,,,,,,,,,,,,,,2621.0,,
Prod223_3873,08975495,2024-04-30,html,,2024-04-30,08975495,ALENG GENERAL CONSULTANTS & SERVICES LTD,False,0.0,2022-05-01,2023-04-30,,,,,,,,,,,,,,,,,,,,,,,,,8426.0,,
Prod223_3873,09012926,2024-04-30,html,,2024-04-30,09012926,CLOUDREV LTD,False,0.0,2022-05-01,2023-04-30,,,,,,,,,,,,,,,,,,,,,,,,,534.0,,
Prod223_3873,09192049,2024-08-31,html,,2024-08-31,09192049,GMS Property Group Limited,False,2.0,2022-09-01,2023-08-31,,,,,,,,,,,,,,,,,,,,,,,,,63689.0,,
Prod223_3873,09209303,2024-09-30,html,,2024-09-30,09209303,JOHN BUILDING LTD,False,0.0,2023-10-01,2024-09-30,,,,,,,,,,,,,219558.0,,,,,87883.0,98521.0,,14188.0,,,,18966.0,,
Prod223_3873,09444243,2024-02-29,html,,2024-02-29,09444243,MESSRS DAVIES (PENLAN FARM) LTD.,False,1.0,2023-03-01,2024-02-29,,,,,,,,,,,,,,,,,,,,,,,,,44856.0,,
Prod223_3873,09524693,2024-04-30,html,,2024-04-30,09524693,LEMON IT LIMITED,False,2.0,2023-05-01,2024-04-30,,,,,,,,,,,,,,,,,,,,,,,,,7353.0,,
Prod223_3873,09542579,2024-04-30,html,,2024-04-30,09542579,Fifth Season Limited,False,1.0,2023-05-01,2024-04-30,,,,,,,,,,,,,,,,,,,,,,,,,12448.0,,
Prod223_3873,09553583,2024-04-30,html,,2024-04-30,09553583,WM IFA LIMITED,False,0.0,2022-05-01,2023-04-30,,,,,,,,,,,,,0.0,80000.0,,,,0.0,0.0,0.0,0.0,,,0.0,80000.0,,
Prod223_3873,09570195,2024-06-30,html,,2024-06-30,09570195,WORKPLATFORM HOLDINGS LIMITED,False,2.0,2023-07-01,2024-06-30,,,,,,,,,,,,,,,13131911.0,,2314937.0,,1481755.0,,,,,340078.0,1001157.0,,
Prod223_3873,09570195,2024-06-30,html,,2024-06-30,09570195,WORKPLATFORM HOLDINGS LIMITED,False,2.0,2022-07-01,2023-06-30,,,,,,,,,,,,,,,17159166.0,,2256099.0,,1434273.0,,,,,514391.0,1984459.0,,
Prod223_3873,09576930,2024-05-31,html,,2024-05-31,09576930,REDKYTE LTD,False,1.0,2023-06-01,2024-05-31,,,,,,,,,,,,,193252.0,0.0,,,,0.0,,1118.0,56552.0,,,,135582.0,,
Prod223_3873,09576930,2024-05-31,html,,2024-05-31,09576930,REDKYTE LTD,False,1.0,2022-06-01,2023-05-31,,,,,,,,,,,,,149963.0,0.0,,,,0.0,,1194.0,50223.0,,,19513.0,79033.0,,
Prod223_3873,09635136,2024-06-30,html,,2024-06-30,09635136,MEDISENSE MEDICAL EDUCATION LTD,False,0.0,2023-07-01,2024-06-30,,,,,,,,,,,,,11000.0,0.0,,,,899.0,0.0,0.0,0.0,,,1919.0,8182.0,,
Prod223_3873,09736929,2024-08-31,html,,2024-08-31,09736929,RGB SERVICES LIMITED,False,1.0,2023-09-01,2024-08-31,,,,,,,,,,,,,63040.0,,,,,32388.0,12586.0,6736.0,8847.0,,,599.0,1884.0,,
Prod223_3873,09736929,2024-08-31,html,,2024-08-31,09736929,RGB SERVICES LIMITED,False,1.0,2022-09-01,2023-08-31,,,,,,,,,,,,,79128.0,,,,,50671.0,11776.0,7534.0,7541.0,,,405.0,1201.0,,
Prod223_3873,09785923,2024-09-30,html,,2024-09-30,09785923,ELLIOTT NASH PROPERTY LIMITED,False,0.0,2023-10-01,2024-09-30,,,,,,,,,,,,,,,,,,,,,,,,,499768.0,,
Prod223_3873,09785923,2024-09-30,html,,2024-09-30,09785923,ELLIOTT NASH PROPERTY LIMITED,False,0.0,2022-10-01,2023-09-30,,,,,,,,,,,,,,,,,,,,,,,,,13747.0,,
Prod223_3873,09814301,2024-10-31,html,,2024-10-31,09814301,SOLUTIONS HQ LTD,False,0.0,2023-11-01,2024-10-31,,,,,,,,,,,,,23424.0,0.0,,,,22211.0,0.0,0.0,0.0,,,0.0,1213.0,,
Prod223_3873,09821046,2024-10-09,html,,2024-10-09,09821046,HILL 2015 LIMITED,,3.0,2023-10-10,2024-10-09,,,,,,,,,,,,,,,,,,,,,,,,,243.0,,
Prod223_3873,09821046,2024-10-09,html,,2024-10-09,09821046,HILL 2015 LIMITED,,3.0,2022-10-10,2023-10-09,,,,,,,,,,,,,,,,,,,,,,,,,150.0,,
Prod223_3873,09827779,2024-10-31,html,,2024-10-31,09827779,PINNEY TALFOURD WEALTH MANAGEMENT LIMITED,False,0.0,2023-11-01,2024-10-31,,,,,,,,,,,,,100422.0,0.0,,,,0.0,0.0,0.0,168.0,,,23366.0,76888.0,,
Prod223_3873,09827779,2024-10-31,html,,2024-10-31,09827779,PINNEY TALFOURD WEALTH MANAGEMENT LIMITED,False,0.0,2022-11-01,2023-10-31,,,,,,,,,,,,,79302.0,63.0,,,,0.0,0.0,0.0,162.0,,,15037.0,64166.0,,
Prod223_3873,09837214,2024-10-31,html,,2024-10-31,09837214,RXI Wealth Limited,False,3.0,2023-11-01,2024-10-31,,,,,,,,,,,,,,,8941.0,,145498.0,,90880.0,,,,72720.0,18009.0,54711.0,,
Prod223_3873,09837214,2024-10-31,html,,2024-10-31,09837214,RXI Wealth Limited,False,3.0,2022-11-01,2023-10-31,,,,,,,,,,,,,,,15192.0,,131763.0,,84247.0,,,,72551.0,15096.0,57455.0,,
Prod223_3873,09852284,2024-03-30,html,,2024-03-30,09852284,UNITED SMART LTD,False,1.0,2023-03-31,2024-03-30,,,,,,,,,,,,,,,,,,,,,,,,,68101.0,,
Prod223_3873,10100148,2024-04-30,html,,2024-04-30,10100148,VDM LTD,False,1.0,2023-05-01,2024-04-30,,,,,,,,,,,,,52261.0,,,,,43602.0,6400.0,,,,,,2259.0,,
Prod223_3873,10100148,2024-04-30,html,,2024-04-30,10100148,VDM LTD,False,1.0,2022-05-01,2023-04-30,,,,,,,,,,,,,34221.0,,,,,16215.0,8800.0,,,,,,9206.0,,
Prod223_3873,10104772,2024-04-30,html,,2024-04-30,10104772,Abc(Essex) Medical Ltd,False,2.0,2023-05-01,2024-04-30,,,,,,,,,,,,,101028.0,,,,,28833.0,23473.0,,,,,,18200.0,,
Prod223_3873,10107496,2024-04-30,html,,2024-04-30,10107496,WESWIDE LTD,False,2.0,2023-05-01,2024-04-30,,,,,,,,,,,,,550.0,0.0,,,,100.0,50.0,50.0,50.0,,,0.0,300.0,,
Prod223_3873,10107496,2024-04-30,html,,2024-04-30,10107496,WESWIDE LTD,False,2.0,2022-05-01,2023-04-30,,,,,,,,,,,,,200.0,0.0,,,,80.0,30.0,30.0,20.0,,,0.0,40.0,,
Prod223_3873,10114106,2024-04-30,html,,2024-04-30,10114106,ANSRIT COMPLEX CARE LTD,False,1.0,2023-05-01,2024-04-30,,,,,,,,,,,,,56045.0,,,,,825.0,33600.0,2285.0,15971.0,,,,3364.0,,
Prod223_3873,10114106,2024-04-30,html,,2024-04-30,10114106,ANSRIT COMPLEX CARE LTD,False,1.0,2022-05-01,2023-04-30,,,,,,,,,,,,,30062.0,,,,,490.0,6055.0,2285.0,18951.0,,,,2281.0,,
Prod223_3873,10132184,2024-04-30,html,,2024-04-30,10132184,BARBAROSSA CONSTRUCTION LIMITED,False,11.0,2022-05-01,2023-04-30,,,,,,,,,,,,,,,,,,,,,,,,,225533.0,,
Prod223_3873,10154645,2024-04-30,html,,2024-04-30,10154645,ENTERTAINMENT VISION SOUND INSURANCE BROKERS LIMITED,False,2.0,2023-05-01,2024-04-30,,,,,,,,,,,,,,,,,,,,,,,,,65873.0,,
Prod223_3873,10154645,2024-04-30,html,,2024-04-30,10154645,ENTERTAINMENT VISION SOUND INSURANCE BROKERS LIMITED,False,2.0,2022-05-01,2023-04-30,,,,,,,,,,,,,,,,,,,,,,,,,166598.0,,
Prod223_3873,10195609,2024-06-30,html,,2024-06-30,10195609,MR.G'S DESIGNS LIMITED,False,1.0,2023-07-01,2024-06-30,,,,,,,,,,,,,2420.0,,,,,,,,,,,,2420.0,,
Prod223_3873,10339116,2024-08-31,html,,2024-08-31,10339116,Design & Development Engineering Limited,False,2.0,2023-09-01,2024-08-31,,,,,,,,,,,,,407488.0,,239053.0,168435.0,130391.0,248355.0,,,,,38073.0,-15439.0,53512.0,,
Prod223_3873,10339116,2024-08-31,html,,2024-08-31,10339116,Design & Development Engineering Limited,False,2.0,2022-09-01,2023-08-31,,,,,,,,,,,,,490459.0,,328543.0,161916.0,82878.0,321050.0,,,,,79044.0,5203.0,73841.0,,
Prod223_3873,10386969,2023-09-30,html,,2023-09-30,10386969,CRESTMAX LIMITED,False,0.0,2022-10-01,2023-09-30,,,,,,,,,,,,,,,,,,,,,,,,,2322.0,,
Prod223_3873,10535290,2024-04-30,html,,2024-04-30,10535290,WBFH Limited,False,2.0,2023-05-01,2024-04-30,,,,,,,,,,,,,,,,,,,,,,,,,91806.0,,
Prod223_3873,10722391,2024-04-30,html,,2024-04-30,10722391,RECRUITMENT WOLF LIMITED,False,2.0,2023-05-01,2024-04-30,,,,,,,,,,,,,450252.0,,,,,303701.0,86254.0,,42755.0,,,,17542.0,,
Prod223_3873,10735859,2024-04-30,html,,2024-04-30,10735859,Hair By Cloe Ltd,False,1.0,2023-05-01,2024-04-30,,,,,,,,,,,,,,,,,,,,,,,,,6258.0,,
Prod223_3873,10899721,2024-08-31,html,,2024-08-31,10899721,Tiemann & Co Ltd,False,2.0,2023-09-01,2024-08-31,,,,,,,,,,,,,68080.0,,5608.0,62472.0,42108.0,,,,,,20364.0,3869.0,16495.0,,
Prod223_3873,10899721,2024-08-31,html,,2024-08-31,10899721,Tiemann & Co Ltd,False,2.0,2022-09-01,2023-08-31,,,,,,,,,,,,,100066.0,,13467.0,86599.0,57241.0,,,,,,29358.0,5578.0,23780.0,,
Prod223_3873,10906561,2024-09-30,html,,2024-09-30,10906561,CHEUNG JACK KITCHEN LTD,,4.0,2023-10-01,2024-09-30,,,,,,,,,,,,,,,,,,,,,,,,,15995.0,,
Prod223_3873,10906561,2024-09-30,html,,2024-09-30,10906561,CHEUNG JACK KITCHEN LTD,,4.0,2022-10-01,2023-09-30,,,,,,,,,,,,,,,,,,,,,,,,,11258.0,,
Prod223_3873,10939615,2024-12-31,html,,2024-12-31,10939615,DAVE GREEN GARDENS LTD,False,0.0,2024-01-01,2024-12-31,,,,,,,,,,,,,120350.0,28.0,,,,69977.0,0.0,0.0,40233.0,,,1932.0,8236.0,,
Prod223_3873,11134831,2024-01-31,html,,2024-01-31,11134831,G&M SOLUTIONS LTD,False,1.0,2023-02-01,2024-01-31,,,,,,,,,,,,,118868.0,,,,,,28908.0,,,,30326.0,5970.0,24356.0,,
Prod223_3873,11134831,2024-01-31,html,,2024-01-31,11134831,G&M SOLUTIONS LTD,False,1.0,2022-02-01,2023-01-31,,,,,,,,,,,,,63471.0,,,,,,29264.0,,,,9551.0,1412.0,8139.0,,
Prod223_3873,11205231,2024-03-31,html,,2024-03-31,11205231,SUKI SHOCKER INTERIOR DESIGN LTD,False,1.0,2023-04-01,2024-03-31,,,,,,,,,,,,,115330.0,,45599.0,69731.0,29891.0,,,,,39840.0,39840.0,7570.0,32270.0,,
Prod223_3873,11205231,2024-03-31,html,,2024-03-31,11205231,SUKI SHOCKER INTERIOR DESIGN LTD,False,1.0,2022-04-01,2023-03-31,,,,,,,,,,,,,153308.0,,46057.0,107251.0,21505.0,,,,,85746.0,85707.0,16284.0,69423.0,,
Prod223_3873,11283419,2024-03-31,html,,2024-03-31,11283419,ANABEL DRIVERS LTD,False,2.0,2023-04-01,2024-03-31,,,,,,,,,,,,,36236.0,,,,,,25140.0,,10212.0,,,168.0,716.0,,
Prod223_3873,11283419,2024-03-31,html,,2024-03-31,11283419,ANABEL DRIVERS LTD,False,2.0,2022-04-01,2023-03-31,,,,,,,,,,,,,40770.0,,,,,,11523.0,,26796.0,,,466.0,1985.0,,
Prod223_3873,11305661,2024-04-30,html,,2024-04-30,11305661,HDMONA RESTAURANT & BAR LTD,False,7.0,2022-05-01,2023-04-30,,,,,,,,,,,,,,,,153158.0,90515.0,,,,,-8206.0,1154.0,549.0,605.0,,
Prod223_3873,11327272,2024-04-30,html,,2024-04-30,11327272,Khadija Property Ltd,False,1.0,2023-05-01,2024-04-30,,,,,,,,,,,,,,,,,,,,,,,,,5609.0,,
Prod223_3873,11336249,2024-04-30,html,,2024-04-30,11336249,LEELAND ESTATES LTD,False,0.0,2023-05-01,2024-04-30,,,,,,,,,,,,,,,,,,,,,,,,,5349.0,,
Prod223_3873,11345942,2024-05-31,html,,2024-05-31,11345942,Lofty Solution Limited,False,2.0,2023-06-01,2024-05-31,,,,,,,,,,,,,,,,,,,,,,,,,250741.0,,
Prod223_3873,11351397,2024-05-31,html,,2024-05-31,11351397,RELIABLE MST LTD,False,2.0,2023-06-01,2024-05-31,,,,,,,,,,,,,58340.0,,,,,,25352.0,,,,,4225.0,28763.0,,
Prod223_3873,11351397,2024-05-31,html,,2024-05-31,11351397,RELIABLE MST LTD,False,2.0,2022-06-01,2023-05-31,,,,,,,,,,,,,50862.0,,,,,257.0,20467.0,,3908.0,,,,26230.0,,
Prod223_3873,11374139,2024-05-31,html,,2024-05-31,11374139,PFOA TRAINING SERVICES LIMITED,False,4.0,2023-06-01,2024-05-31,,,,,,,,,,,,,,,,,,,,,,,,,12129.0,,
Prod223_3873,11374139,2024-05-31,html,,2024-05-31,11374139,PFOA TRAINING SERVICES LIMITED,False,4.0,2022-06-01,2023-05-31,,,,,,,,,,,,,,,,,,,,,,,,,81273.0,,
Prod223_3873,11437275,2024-03-31,html,,2024-03-31,11437275,KERMASHAN LIMITED,False,0.0,2023-04-01,2024-03-31,,,,,,,,,,,,,14012.0,0.0,,,,0.0,0.0,0.0,6271.0,,,1471.0,6270.0,,
Prod223_3873,11451745,2023-12-31,html,,2023-12-31,11451745,PRESTIGE COUNTRY PARKS LIMITED,False,0.0,2023-01-01,2023-12-31,,,,,,,,,,,,,,,,,,,,,,,,,208417.0,,
Prod223_3873,11451745,2023-12-31,html,,2023-12-31,11451745,PRESTIGE COUNTRY PARKS LIMITED,False,0.0,2022-01-01,2022-12-31,,,,,,,,,,,,,,,,,,,,,,,,,574542.0,,
Prod223_3873,11551917,2024-09-30,html,,2024-09-30,11551917,COD TRANS LTD,False,0.0,2023-10-01,2024-09-30,,,,,,,,,,,,,178218.0,,,,,74866.0,76213.0,,14211.0,,,,12928.0,,
Prod223_3873,11643234,2024-07-31,html,,2024-07-31,11643234,EM NORMANDIE UK LIMITED,False,13.0,2023-08-01,2024-07-31,,,,,,,,,,,,,,,,,1758042.0,,736017.0,,,,24892.0,3935.0,20957.0,,
Prod223_3873,11643234,2024-07-31,html,,2024-07-31,11643234,EM NORMANDIE UK LIMITED,False,13.0,2022-08-01,2023-07-31,,,,,,,,,,,,,,,,,1876955.0,,794700.0,,,,124473.0,28549.0,95924.0,,
Prod223_3873,11839787,2024-03-31,html,,2024-03-31,11839787,C LIGHT WINDOWS LTD,False,4.0,2023-04-01,2024-03-31,,,,,,,,,,,,,378764.0,,312159.0,66605.0,52389.0,,,,,14216.0,14216.0,2701.0,11515.0,,
Prod223_3873,11839787,2024-03-31,html,,2024-03-31,11839787,C LIGHT WINDOWS LTD,False,4.0,2022-04-01,2023-03-31,,,,,,,,,,,,,353944.0,,290414.0,63530.0,59609.0,,,,,3921.0,3857.0,733.0,3124.0,,
Prod223_3873,11852366,2024-07-31,html,,2024-07-31,11852366,KRONE TRAILER UK LTD,False,8.0,2023-08-01,2024-07-31,,,,,,,,,,,,,,,14853035.0,,818621.0,,724916.0,,,,251300.0,66508.0,184792.0,,
Prod223_3873,11852366,2024-07-31,html,,2024-07-31,11852366,KRONE TRAILER UK LTD,False,8.0,2022-08-01,2023-07-31,,,,,,,,,,,,,,,35538031.0,,1729231.0,,1062341.0,,,,405019.0,85036.0,319983.0,,
Prod223_3873,11921553,2024-04-30,html,,2024-04-30,11921553,XPRESS TRAVEL SERVICES LTD,False,1.0,2023-05-01,2024-04-30,,,,,,,,,,,,,32967.0,1229.0,,,,,12000.0,,19435.0,,,,2761.0,,
Prod223_3873,11921553,2024-04-30,html,,2024-04-30,11921553,XPRESS TRAVEL SERVICES LTD,False,1.0,2022-05-01,2023-04-30,,,,,,,,,,,,,40774.0,,,,,,20250.0,,18206.0,,,,2318.0,,
Prod223_3873,11923651,2024-04-30,html,,2024-04-30,11923651,T & M Technologies Ltd,False,1.0,2023-05-01,2024-04-30,,,,,,,,,,,,,,,,,,,,,,,,,9706.0,,
Prod223_3873,11937251,2024-04-30,html,,2024-04-30,11937251,LOVE WREXHAM MAGAZINE LTD,False,3.0,2023-05-01,2024-04-30,,,,,,,,,,,,,62804.0,0.0,,,,20050.0,24994.0,398.0,10686.0,,,0.0,6676.0,,
Prod223_3873,11949347,2024-04-30,html,,2024-04-30,11949347,TWO BRASS MONKEYS LIMITED,False,2.0,2023-05-01,2024-04-30,,,,,,,,,,,,,,,,,,,,,,,,,1308.0,,
Prod223_3873,11956033,2024-04-30,html,,2024-04-30,11956033,Big Brain Group Ltd,False,2.0,2023-05-01,2024-04-30,,,,,,,,,,,,,,,,,,,,,,,,,28715.0,,
Prod223_3873,11960858,2024-08-31,html,,2024-08-31,11960858,TPW GLOBAL LTD,False,4.0,2023-09-01,2024-08-31,,,,,,,,,,,,,,,20117410.0,,22750910.0,,804000.0,,,,,2187805.0,5013115.0,,
Prod223_3873,11960858,2024-08-31,html,,2024-08-31,11960858,TPW GLOBAL LTD,False,4.0,2022-09-01,2023-08-31,,,,,,,,,,,,,,,18878427.0,,18677799.0,,564032.0,,,,,1323381.0,2870959.0,,
Prod223_3873,12002354,2024-05-31,html,,2024-05-31,12002354,DAMP KNIGHT COMEDY LTD,False,5.0,2023-06-01,2024-05-31,,,,,,,,,,,,,543.0,,0.0,543.0,0.0,,,,,230.0,230.0,0.0,230.0,,
Prod223_3873,12002354,2024-05-31,html,,2024-05-31,12002354,DAMP KNIGHT COMEDY LTD,False,5.0,2022-06-01,2023-05-31,,,,,,,,,,,,,1408.0,,0.0,1408.0,0.0,,,,,661.0,661.0,0.0,661.0,,
Prod223_3873,12032184,2024-06-30,html,,2024-06-30,12032184,HOLLOW OAK GLAMPING LTD,False,2.0,2022-07-01,2023-06-30,,,,,,,,,,,,,,,,,,,,,,,,,5981.0,,
Prod223_3873,12063587,2024-06-30,html,,2024-06-30,12063587,Eurotyres Limited,False,2.0,2023-07-01,2024-06-30,,,,,,,,,,,,,,,,,,,,,,,,,58930.0,,
Prod223_3873,12121024,2024-06-30,html,,2024-06-30,12121024,BENHAM HOLDINGS LIMITED,False,3.0,2023-07-01,2024-06-30,,,,,,,,,,,,,,,7593247.0,,2654433.0,,4638638.0,,,,,66232.0,536676.0,,
Prod223_3873,12121024,2024-06-30,html,,2024-06-30,12121024,BENHAM HOLDINGS LIMITED,False,3.0,2022-07-01,2023-06-30,,,,,,,,,,,,,,,5738760.0,,2468238.0,,4185143.0,,,,,38367.0,721471.0,,
Prod223_3873,12228316,2024-05-25,html,,2024-05-25,12228316,Nxt Steps Recruitment Ltd,False,,2023-05-26,2024-05-25,,,,,,,,,,,,,81147.0,,,,,,6661.0,-8000.0,-23779.0,,,,42707.0,,
Prod223_3873,12269425,2024-11-30,html,,2024-11-30,12269425,AUTOMOTIVE PASSION LIMITED,False,1.0,2022-12-01,2023-11-30,,,,,,,,,,,,,133220.0,,,,,131470.0,,,,,,,1750.0,,
Prod223_3873,12276938,2024-03-31,html,,2024-03-31,12276938,RAJ JEWELLERS & SONS LIMITED,False,4.0,2023-04-01,2024-03-31,,,,,,,,,,,,,,,,,,,,,,,,,431735.0,,
Prod223_3873,12276938,2024-03-31,html,,2024-03-31,12276938,RAJ JEWELLERS & SONS LIMITED,False,4.0,2022-04-01,2023-03-31,,,,,,,,,,,,,,,,,,,,,,,,,490773.0,,
Prod223_3873,12354281,2024-12-31,html,,2024-12-31,12354281,SAI SARATHY LTD,False,1.0,2024-01-01,2024-12-31,,,,,,,,,,,,,2237.0,,,2237.0,1364.0,,,,,873.0,873.0,,873.0,,
Prod223_3873,12354281,2024-12-31,html,,2024-12-31,12354281,SAI SARATHY LTD,False,1.0,2023-01-01,2023-12-31,,,,,,,,,,,,,1743.0,,,1743.0,1312.0,,,,,431.0,431.0,,431.0,,
Prod223_3873,12383099,2024-01-31,html,,2024-01-31,12383099,NUSKOOL ENTERTAINMENT LTD,False,0.0,2023-02-01,2024-01-31,,,,,,,,,,,,,1500.0,,0.0,1500.0,540.0,,,,,960.0,960.0,0.0,960.0,,
Prod223_3873,12383099,2024-01-31,html,,2024-01-31,12383099,NUSKOOL ENTERTAINMENT LTD,False,0.0,2022-02-01,2023-01-31,,,,,,,,,,,,,1000.0,,0.0,1000.0,540.0,,,,,460.0,460.0,0.0,460.0,,
Prod223_3873,12536488,2024-03-31,html,,2024-03-31,12536488,DARI-ANNA CONSULT LTD,False,2.0,2023-04-01,2024-03-31,,,,,,,,,,,,,,,29050.0,59950.0,57300.0,,,,,2650.0,2650.0,503.0,2147.0,,
Prod223_3873,12536488,2024-03-31,html,,2024-03-31,12536488,DARI-ANNA CONSULT LTD,False,2.0,2022-04-01,2023-03-31,,,,,,,,,,,,,,,19120.0,53880.0,50580.0,,,,,3300.0,3300.0,627.0,2673.0,,
Prod223_3873,12597062,2023-12-31,html,,2023-12-31,12597062,Murzuq Oil Services Limited,False,26.0,2023-01-01,2023-12-31,,,,,,,,,,,,,,,13741270.0,,6396399.0,,,,,,,53885.0,1166008.0,,
Prod223_3873,12604531,2023-12-31,html,,2023-12-31,12604531,LADBROKE PROPERTY HOLDINGS LIMITED,False,0.0,2023-01-01,2023-12-31,,,,,,,,,,,,,,,,,,,,,,,,,1318939.0,,
Prod223_3873,12604531,2023-12-31,html,,2023-12-31,12604531,LADBROKE PROPERTY HOLDINGS LIMITED,False,0.0,2022-01-01,2022-12-31,,,,,,,,,,,,,,,,,,,,,,,,,643164.0,,
Prod223_3873,12627268,2024-05-31,html,,2024-05-31,12627268,Caspian Property Limited,False,3.0,2023-06-01,2024-05-31,,,,,,,,,,,,,,,,,,,,,,,,,7562.0,,
Prod223_3873,12629735,2024-05-31,html,,2024-05-31,12629735,INNOVATION DELIVERED LTD,False,2.0,2023-06-01,2024-05-31,,,,,,,,,,,,,18211.0,,,,,,16139.0,,1804.0,,,,268.0,,
Prod223_3873,12823847,2024-03-31,html,,2024-03-31,12823847,ROASTED LEMON LTD,False,2.0,2022-04-01,2023-03-31,,,,,,,,,,,,,44194.0,,,,,10212.0,19267.0,4462.0,5331.0,,,,4922.0,,
Prod223_3873,12957835,2024-10-31,html,,2024-10-31,12957835,BEAR JOE LTD,False,4.0,2023-11-01,2024-10-31,,,,,,,,,,,,,,,,,,,,,,,,,87743.0,,
Prod223_3873,13068739,2024-12-31,html,,2024-12-31,13068739,POLAR SECURITY LTD,False,2.0,2024-01-01,2024-12-31,,,,,,,,,,,,,249420.0,,,,,96172.0,98600.0,,6660.0,,,9117.0,38871.0,,
Prod223_3873,13068739,2024-12-31,html,,2024-12-31,13068739,POLAR SECURITY LTD,False,2.0,2023-01-01,2023-12-31,,,,,,,,,,,,,233100.0,,,,,89880.0,92150.0,,6196.0,,,8298.0,36576.0,,
Prod223_3873,13087746,2024-12-31,html,,2024-12-31,13087746,ISOMATRIX LIMITED,False,0.0,2023-01-01,2023-12-31,,,,,,,,,,,,,22210.0,0.0,,,,0.0,0.0,0.0,10164.0,,,2874.0,9172.0,,
Prod223_3873,13092341,2024-07-31,html,,2024-07-31,13092341,PIANOWORKS (SUFFOLK) LTD,False,1.0,2023-08-01,2024-07-31,,,,,,,,,,,,,76.0,,,,,,,,65.0,,,,11.0,,
Prod223_3873,13092341,2024-07-31,html,,2024-07-31,13092341,PIANOWORKS (SUFFOLK) LTD,False,1.0,2022-08-01,2023-07-31,,,,,,,,,,,,,942.0,,,,,12.0,,,477.0,,,,453.0,,
Prod223_3873,13140851,2024-01-31,html,,2024-01-31,13140851,RAJPAL HOLDINGS LTD,False,0.0,2023-02-01,2024-01-31,,,,,,,,,,,,,,,,44643.0,18049.0,,,,,26594.0,7149.0,1358.0,5791.0,,
Prod223_3873,13207926,2023-03-31,html,,2023-03-31,13207926,VIVA HEALTH LABORATORIES LIMITED,False,26.0,2021-02-17,2022-03-31,,,,,,,,,,,,,,,6362789.0,,2089152.0,,1572029.0,,,,4673140.0,880613.0,3792527.0,,
Prod223_3873,13254836,2024-03-31,html,,2024-03-31,13254836,ROBIN HOOD SCAFFOLDING LTD,False,1.0,2023-04-01,2024-03-31,,,,,,,,,,,,,58706.0,,,,,1672.0,9096.0,750.0,29742.0,,,3315.0,14131.0,,
Prod223_3873,13254836,2024-03-31,html,,2024-03-31,13254836,ROBIN HOOD SCAFFOLDING LTD,False,1.0,2022-04-01,2023-03-31,,,,,,,,,,,,,4600.0,10675.0,,,,1500.0,,,8327.0,,,1089.0,4359.0,,
Prod223_3873,13309582,2024-04-30,html,,2024-04-30,13309582,LANGLAND CONSULTING LIMITED,False,0.0,2023-05-01,2024-04-30,,,,,,,,,,,,,3298.0,,,,,,,,2984.0,,,,314.0,,
Prod223_3873,13309582,2024-04-30,html,,2024-04-30,13309582,LANGLAND CONSULTING LIMITED,False,0.0,2022-05-01,2023-04-30,,,,,,,,,,,,,28730.0,,,,,,,575.0,1994.0,,,,26161.0,,
Prod223_3873,13331945,2024-04-30,html,,2024-04-30,13331945,LJC TRADING LTD,False,1.0,2023-05-01,2024-04-30,,,,,,,,,,,,,41829.0,0.0,,,,31652.0,6240.0,664.0,2632.0,,,248.0,393.0,,
Prod223_3873,13331945,2024-04-30,html,,2024-04-30,13331945,LJC TRADING LTD,False,1.0,2022-05-01,2023-04-30,,,,,,,,,,,,,50028.0,0.0,,,,20115.0,6240.0,400.0,13134.0,,,0.0,10139.0,,
Prod223_3873,13333541,2024-04-30,html,,2024-04-30,13333541,OLIVER DORMAN 2021 LIMITED,False,1.0,2023-05-01,2024-04-30,,,,,,,,,,,,,21729.0,0.0,,,,0.0,3625.0,562.0,3096.0,,,235.0,14211.0,,
Prod223_3873,13333541,2024-04-30,html,,2024-04-30,13333541,OLIVER DORMAN 2021 LIMITED,False,1.0,2022-05-01,2023-04-30,,,,,,,,,,,,,17187.0,0.0,,,,0.0,3750.0,562.0,1085.0,,,0.0,11790.0,,
Prod223_3873,13334961,2024-04-30,html,,2024-04-30,13334961,PROSPECT BLINDS LTD,False,2.0,2023-05-01,2024-04-30,,,,,,,,,,,,,47307.0,0.0,,,,14659.0,12500.0,0.0,18753.0,,,265.0,1130.0,,
Prod223_3873,13334961,2024-04-30,html,,2024-04-30,13334961,PROSPECT BLINDS LTD,False,2.0,2022-05-01,2023-04-30,,,,,,,,,,,,,31047.0,0.0,,,,9406.0,8492.0,0.0,9821.0,,,632.0,2696.0,,
Prod223_3873,13348868,2024-04-30,html,,2024-04-30,13348868,I AM YOUR GASMAN LTD,False,1.0,2023-05-01,2024-04-30,,,,,,,,,,,,,5281.0,,,,,,,,,,,,5281.0,,
Prod223_3873,13369507,2024-04-30,html,,2024-04-30,13369507,PROLINE DRAINAGE LIMITED,False,2.0,2023-05-01,2024-04-30,,,,,,,,,,,,,,,,,,,130766.0,,,,,,78907.0,,
Prod223_3873,13369507,2024-04-30,html,,2024-04-30,13369507,PROLINE DRAINAGE LIMITED,False,2.0,2022-05-01,2023-04-30,,,,,,,,,,,,,,,,,,,26170.0,,,,,,93580.0,,
Prod223_3873,13418641,2023-12-31,html,,2023-12-31,13418641,GENESIS SA LIMITED,False,2.0,2023-06-01,2023-12-31,,,,,,,,,,,,,56095.0,,25285.0,30810.0,9621.0,,,,,6989.0,5967.0,,5967.0,,
Prod223_3873,13418641,2023-12-31,html,,2023-12-31,13418641,GENESIS SA LIMITED,False,2.0,2022-06-01,2023-05-31,,,,,,,,,,,,,43082.0,,,43082.0,28536.0,,,,,6308.0,13937.0,,13937.0,,
Prod223_3873,13446509,2024-12-31,html,,2024-12-31,13446509,IFRS HOLDING LTD,False,0.0,2024-01-01,2024-12-31,,,,,,,,,,,,,286673.0,,267767.0,18906.0,7224.0,,,,,11682.0,11682.0,,11682.0,,
Prod223_3873,13479839,2024-06-30,html,,2024-06-30,13479839,RelevantHR Limited,False,2.0,2023-07-01,2024-06-30,,,,,,,,,,,,,,,,,,,,,,,,,44911.0,,
Prod223_3873,13516681,2024-07-31,html,,2024-07-31,13516681,BRILHANTE CAR REPAIR LTD,False,1.0,2022-08-01,2023-07-31,,,,,,,,,,,,,52373.0,,,,,,4310.0,,39369.0,,,,8694.0,,
Prod223_3873,13539884,2024-07-31,html,,2024-07-31,13539884,Fresh Corner Limited,False,1.0,2023-08-01,2024-07-31,,,,,,,,,,,,,32364.0,,,,,-678.0,12638.0,,-17020.0,,,,2028.0,,
Prod223_3873,13678177,2024-10-31,html,,2024-10-31,13678177,EO SURVEYORS LTD,False,1.0,2023-11-01,2024-10-31,,,,,,,,,,,,,1646.0,0.0,,,,0.0,0.0,0.0,0.0,,,,1646.0,,
Prod223_3873,13729878,2024-04-30,html,,2024-04-30,13729878,SORIS ACQUISITION LTD,False,6.0,2022-05-01,2023-04-30,,,,,,,,,,,,,,,14564761.0,,4315283.0,,3817001.0,,,,,1382820.0,4294580.0,,
Prod223_3873,13745541,2024-06-30,html,,2024-06-30,13745541,SHEPHERD ALBOURNE LIMITED,False,0.0,2022-07-01,2023-06-30,,,,,,,,,,,,,,,,,,,,,,,,,2646926.0,,
Prod223_3873,13823550,2023-12-31,html,,2023-12-31,13823550,BRIGHTSIDE LANDSCAPING LTD,False,1.0,2023-01-01,2023-12-31,,,,,,,,,,,,,9756.0,0.0,,,,0.0,0.0,0.0,0.0,,,0.0,9756.0,,
Prod223_3873,13861961,2024-06-30,html,,2024-06-30,13861961,WEBB HOUSE (PARK GATE) LTD,False,4.0,2023-07-01,2024-06-30,,,,,,,,,,,,,,,,,,,,,,,,,64779.0,,
Prod223_3873,13861961,2024-06-30,html,,2024-06-30,13861961,WEBB HOUSE (PARK GATE) LTD,False,4.0,2022-07-01,2023-06-30,,,,,,,,,,,,,,,,,,,,,,,,,34921.0,,
Prod223_3873,13950783,2024-03-31,html,,2024-03-31,13950783,ALL THINGS AUDIO (AT AUDIO) LTD,False,1.0,2023-04-01,2024-03-31,,,,,,,,,,,,,7963.0,,,,,,1700.0,0.0,5086.0,,,224.0,953.0,,
Prod223_3873,13950783,2024-03-31,html,,2024-03-31,13950783,ALL THINGS AUDIO (AT AUDIO) LTD,False,1.0,2022-03-02,2023-03-31,,,,,,,,,,,,,4973.0,0.0,,,,0.0,814.0,0.0,2043.0,,,402.0,1714.0,,
Prod223_3873,14018825,2024-04-30,html,,2024-04-30,14018825,MERCIA BLINDS LTD,False,2.0,2023-05-01,2024-04-30,,,,,,,,,,,,,69987.0,,34569.0,35418.0,18680.0,,,,,16738.0,16738.0,3180.0,13558.0,,
Prod223_3873,14018825,2024-04-30,html,,2024-04-30,14018825,MERCIA BLINDS LTD,False,2.0,2022-04-01,2023-04-30,,,,,,,,,,,,,58916.0,,34399.0,24517.0,12468.0,,,,,12049.0,12049.0,1966.0,10083.0,,
Prod223_3873,14065321,2024-04-30,html,,2024-04-30,14065321,POPSTONE LTD,False,2.0,2023-05-01,2024-04-30,,,,,,,,,,,,,40040.0,,10568.0,29472.0,26351.0,,,,,3121.0,3121.0,593.0,2528.0,,
Prod223_3873,14065321,2024-04-30,html,,2024-04-30,14065321,POPSTONE LTD,False,2.0,2022-04-25,2023-04-30,,,,,,,,,,,,,61695.0,,31996.0,29699.0,23498.0,,,,,6201.0,6201.0,1178.0,5023.0,,
Prod223_3873,14141403,2024-05-31,html,,2024-05-31,14141403,MOSAIC TOURS LTD,False,0.0,2022-05-30,2023-05-31,,,,,,,,,,,,,2459.0,1600.0,,,,,,,1511.0,,,,2548.0,,
Prod223_3873,14178182,2024-06-30,html,,2024-06-30,14178182,Gresham Ltd,False,3.0,2023-07-01,2024-06-30,,,,,,,,,,,,,,,,,,,,,,,,,2225.0,,
Prod223_3873,14248401,2024-10-31,html,,2024-10-31,14248401,Dessert Dudes Limited,False,5.0,2023-11-01,2024-10-31,,,,,,,,,,,,,,,,,,,,,,,,,16634.0,,
Prod223_3873,14342554,2024-09-30,html,,2024-09-30,14342554,DCN CONSTRUCT LIMITED,False,0.0,2023-10-01,2024-09-30,,,,,,,,,,,,,51884.0,,,,,15877.0,18732.0,,14177.0,,,,3098.0,,
Prod223_3873,14391991,2024-10-31,html,,2024-10-31,14391991,CASTAWAY CARAVANS LTD,False,0.0,2022-10-02,2023-10-31,,,,,,,,,,,,,13214.0,0.0,,,,263.0,0.0,0.0,7971.0,,,946.0,4034.0,,
Prod223_3873,14506447,2024-11-30,html,,2024-11-30,14506447,REFFITT TECH LTD,False,1.0,2023-12-01,2024-11-30,,,,,,,,,,,,,3313.0,,,,,,,,,,,629.0,2684.0,,
Prod223_3873,14506447,2024-11-30,html,,2024-11-30,14506447,REFFITT TECH LTD,False,1.0,2022-11-25,2023-11-30,,,,,,,,,,,,,14130.0,,,,,,,,,,,2685.0,11445.0,,
Prod223_3873,14526359,2024-12-31,html,,2024-12-31,14526359,GEORGIE JETT EVENTS LTD,False,0.0,2022-12-07,2023-12-31,,,,,,,,,,,,,51672.0,0.0,,,,0.0,0.0,0.0,44042.0,,,1449.0,6181.0,,
Prod223_3873,14539155,2024-12-31,html,,2024-12-31,14539155,ABB BIOSUPPORT SERVICES LIMITED,False,0.0,2024-01-01,2024-12-31,,,,,,,,,,,,,26327.0,0.0,,,,0.0,0.0,0.0,3477.0,,,4341.0,18509.0,,
Prod223_3873,14539155,2024-12-31,html,,2024-12-31,14539155,ABB BIOSUPPORT SERVICES LIMITED,False,0.0,2022-12-13,2023-12-31,,,,,,,,,,,,,15422.0,0.0,,,,0.0,0.0,0.0,4047.0,,,2161.0,9214.0,,
Prod223_3873,14597894,2024-01-31,html,,2024-01-31,14597894,TEMPEST TRADE SERVICES LTD.,False,0.0,2023-01-17,2024-01-31,,,,,,,,,,,,,50918.0,0.0,,,,39186.0,0.0,0.0,5298.0,,,,6434.0,,
Prod223_3873,14617719,2024-01-31,html,,2024-01-31,14617719,BAR BAR. CO BRENTWOOD LTD,False,0.0,2023-01-26,2024-01-31,,,,,,,,,,,,,,,,,,,,,,,,,11772.0,,
Prod223_3873,14634355,2024-02-28,html,,2024-02-28,14634355,PONTISPOOL EVENT CATERING LTD,False,2.0,2023-02-02,2024-02-28,,,,,,,,,,,,,70180.0,,40910.0,29270.0,24889.0,,,,,4381.0,4381.0,,4381.0,,
Prod223_3873,14724183,2024-03-31,html,,2024-03-31,14724183,T.D COATINGS LTD,False,1.0,2023-03-13,2024-03-31,,,,,,,,,,,,,63959.0,,,,,2700.0,12540.0,,17808.0,,,5873.0,25038.0,,
Prod223_3873,14737206,2024-03-31,html,,2024-03-31,14737206,AGBOLE DEVELOPMENTS LTD,False,2.0,2023-03-17,2024-03-31,,,,,,,,,,,,,7896.0,,127.0,7769.0,16515.0,,,,,8956.0,14013.0,,14013.0,,
Prod223_3873,14757994,2024-06-30,html,,2024-06-30,14757994,Two Cities (Blue Lights 2) Limited,False,17.0,2024-01-01,2024-06-30,,,,,,,,,,,,,,,1864436.0,,18000.0,,,,,,-307937.0,-311874.0,3937.0,,
Prod223_3873,14757994,2024-06-30,html,,2024-06-30,14757994,Two Cities (Blue Lights 2) Limited,False,17.0,2023-03-25,2023-12-31,,,,,,,,,,,,,,,10114221.0,,21500.0,,,,,,-1975216.0,-1996279.0,21063.0,,
Prod223_3873,14804333,2024-04-30,html,,2024-04-30,14804333,ARBULU STUDIO LIMITED,False,2.0,2023-04-15,2024-04-30,,,,,,,,,,,,,,,,,,,,,,,,,82595.0,,
Prod223_3873,14809751,2024-04-30,html,,2024-04-30,14809751,CREPZ CLUB FASHION STORE LTD,False,0.0,2023-04-17,2024-04-30,,,,,,,,,,,,,,,,3609.0,,,,,,3609.0,3609.0,,3609.0,,
Prod223_3873,14811457,2024-04-30,html,,2024-04-30,14811457,MOLSAL LTD,False,0.0,2023-04-18,2024-04-30,,,,,,,,,,,,,26800.0,,6500.0,20300.0,19913.0,,,,,387.0,387.0,150.0,237.0,,
Prod223_3873,14812456,2024-04-30,html,,2024-04-30,14812456,WPCHR LTD,False,1.0,2023-04-18,2024-04-30,,,,,,,,,,,,,61906.0,,,,,,4955.0,420.0,53043.0,,,671.0,2817.0,,
Prod223_3873,14812897,2024-04-30,html,,2024-04-30,14812897,MWTEK LTD,False,0.0,2023-04-18,2024-04-30,,,,,,,,,,,,,42920.0,,,,,7952.0,18723.0,,14127.0,,,,2118.0,,
Prod223_3873,14820872,2024-04-30,html,,2024-04-30,14820872,DCL CONSULTING LIMITED,False,1.0,2023-04-23,2024-04-30,,,,,,,,,,,,,76500.0,0.0,,,,1556.0,5237.0,0.0,30540.0,,,,39167.0,,
Prod223_3873,14825333,2024-06-30,html,,2024-06-30,14825333,BONIFACE HOLDINGS LIMITED,False,2.0,2023-04-25,2024-06-30,,,,,,,,,,,,,,,,,,,,,,,,,75000.0,,
Prod223_3873,14826018,2024-04-30,html,,2024-04-30,14826018,CLICARE LTD,False,1.0,2023-04-25,2024-04-30,,,,,,,,,,,,,30506.0,,,,,,14115.0,,14543.0,,,,1848.0,,
Prod223_3873,14831264,2024-05-31,html,,2024-05-31,14831264,YORKSHIRE REPAK GROUP LIMITED,False,3.0,2023-04-27,2024-05-31,,,,,,,,,,,,,,,10072000.0,,1663000.0,,9681000.0,,,,,238000.0,237000.0,,
Prod223_3873,14834658,2024-04-30,html,,2024-04-30,14834658,KNOCKOUT PRODUCTIONS LTD,False,0.0,2023-04-28,2024-04-30,,,,,,,,,,,,,153.0,660.0,,,,,75.0,,670.0,,,13.0,55.0,,
Prod223_3873,14834970,2024-04-30,html,,2024-04-30,14834970,MCBEANTECH LTD,False,1.0,2023-04-28,2024-04-30,,,,,,,,,,,,,74138.0,0.0,,,,67243.0,3670.0,,1721.0,,,,1504.0,,
Prod223_3873,14837942,2024-05-31,html,,2024-05-31,14837942,CYREX STUDIOS LIMITED,False,0.0,2023-05-01,2024-05-31,,,,,,,,,,,,,4000.0,0.0,,,,0.0,0.0,0.0,0.0,,,760.0,3240.0,,
Prod223_3873,14889142,2024-05-31,html,,2024-05-31,14889142,CAB INSPIRATIONAL LTD,False,1.0,2023-05-23,2024-05-31,,,,,,,,,,,,,5825.0,0.0,,,,3723.0,0.0,0.0,0.0,,,0.0,2102.0,,
Prod223_3873,14924685,2024-06-30,html,,2024-06-30,14924685,Shm Space Ltd,False,0.0,2023-06-08,2024-06-30,,,,,,,,,,,,,104177.0,,,,,,,,52971.0,,,9729.0,41477.0,,
Prod223_3873,14957378,2024-06-30,html,,2024-06-30,14957378,COPPERUA LTD,False,0.0,2023-06-23,2024-06-30,,,,,,,,,,,,,,,,92596.0,19613.0,,,,,11498.0,11498.0,2185.0,9313.0,,
Prod223_3873,15056723,2024-08-31,html,,2024-08-31,15056723,PACIFIC MEDIA LTD,False,1.0,2023-08-08,2024-08-31,,,,,,,,,,,,,82532.0,,,,,,12570.0,,55889.0,,,3518.0,10555.0,,
Prod223_3873,15196005,2024-10-31,html,,2024-10-31,15196005,METHODICA ADVISORY LTD,False,1.0,2023-10-09,2024-10-31,,,,,,,,,,,,,24785.0,,,24785.0,1401.0,,,,,23384.0,23416.0,4449.0,18967.0,,
Prod223_3873,15290319,2024-11-30,html,,2024-11-30,15290319,AA&AYLIN.TRADE LTD,False,1.0,2023-11-16,2024-11-30,,,,,,,,,,,,,24864.0,,,,,,,,,,,395.0,24469.0,,
Prod223_3873,15324129,2024-12-31,html,,2024-12-31,15324129,CT SCIWRITING LTD,False,1.0,2023-12-03,2024-12-31,,,,,,,,,,,,,9270.0,,,9270.0,,,,,,9270.0,9270.0,,9270.0,,
Prod223_3873,OC304165,2024-04-30,html,,2024-04-30,OC304165,Moore Kingston Smith & Partners LLP,False,29.0,2023-05-01,2024-04-30,,,,,,,,,,,,,,,,,,,,,,,,,1438173.0,,
Prod223_3873,OC304165,2024-04-30,html,,2024-04-30,OC304165,Moore Kingston Smith & Partners LLP,False,29.0,2022-05-01,2023-04-30,,,,,,,,,,,,,,,,,,,,,,,,,958153.0,,
Prod223_3873,OC429705,2024-03-31,html,,2024-03-31,OC429705,Sirius Wealth Management LLP,False,0.0,2023-04-01,2024-03-31,,,,,,,,,,,,,141138.0,,,,,,,958.0,,,,,77234.0,,
Prod223_3873,OC429705,2024-03-31,html,,2024-03-31,OC429705,Sirius Wealth Management LLP,False,0.0,2022-04-01,2023-03-31,,,,,,,,,,,,,283963.0,,,,,,,959.0,,,,,217308.0,,
Prod223_3873,OC447194,2024-03-31,html,,2024-03-31,OC447194,Bmallah LLP,False,0.0,2023-05-04,2024-03-31,,,,,,,,,,,,,23100.0,,,,,,,,8310.0,,,,14790.0,,
Prod223_3873,SC155250,2024-04-30,html,,2024-04-30,SC155250,Carousel Nurseries Limited,False,61.0,2023-05-01,2024-04-30,,,,,,,,,,,,,,,,,,,,,,,,,2797.0,,
Prod223_3873,SC327630,2024-06-30,html,,2024-06-30,SC327630,DALCON LIMITED,False,108.0,2023-07-01,2024-06-30,,,,,,,,,,,,,,,13155725.0,,1632600.0,,4387154.0,,,,1773153.0,451149.0,1322004.0,,
Prod223_3873,SC327630,2024-06-30,html,,2024-06-30,SC327630,DALCON LIMITED,False,108.0,2022-07-01,2023-06-30,,,,,,,,,,,,,,,15598186.0,,1564728.0,,4682105.0,,,,2244757.0,461775.0,1782982.0,,
Prod223_3873,SC439267,2024-08-31,html,,2024-08-31,SC439267,T Stewart Joiners Ltd,False,2.0,2023-09-01,2024-08-31,,,,,,,,,,,,,,,,,,,,,,,,,14228.0,,
Prod223_3873,SC442397,2024-02-29,html,,2024-02-29,SC442397,CARROT LETTING LIMITED,False,1.0,2023-03-01,2024-02-29,,,,,,,,,,,,,5599.0,0.0,,,,363.0,0.0,0.0,3498.0,,,330.0,1408.0,,
Prod223_3873,SC442397,2024-02-29,html,,2024-02-29,SC442397,CARROT LETTING LIMITED,False,1.0,2022-03-01,2023-02-28,,,,,,,,,,,,,5088.0,0.0,,,,228.0,0.0,0.0,2347.0,,,478.0,2035.0,,
Prod223_3873,SC467067,2024-04-30,html,,2024-04-30,SC467067,KS Commercial Ltd,False,7.0,2023-05-01,2024-04-30,,,,,,,,,,,,,,,,,,,,,,,,,58171.0,,
Prod223_3873,SC577316,2024-09-30,html,,2024-09-30,SC577316,McMurtrie Wealth Management Limited,False,1.0,2023-10-01,2024-09-30,,,,,,,,,,,,,,,,,,,,,,,,,27066.0,,
Prod223_3873,SC717417,2024-12-31,html,,2024-12-31,SC717417,EC LANGUAGE CHIMP LTD,False,0.0,2024-01-01,2024-12-31,,,,,,,,,,,,,18449.0,0.0,,,,1709.0,0.0,0.0,0.0,,,0.0,16740.0,,
Prod223_3873,SC717417,2024-12-31,html,,2024-12-31,SC717417,EC LANGUAGE CHIMP LTD,False,0.0,2023-01-01,2023-12-31,,,,,,,,,,,,,17594.0,0.0,,,,1725.0,0.0,0.0,0.0,,,0.0,15869.0,,
Prod223_3873,SC730263,2024-04-30,html,,2024-04-30,SC730263,THE SMILE BOUTIQUE GLASGOW LTD,False,1.0,2023-05-01,2024-04-30,,,,,,,,,,,,,,,,,,,,,,,,,52577.0,,
Prod223_3873,SC766724,2024-04-30,html,,2024-04-30,SC766724,Saltire gifts Ltd,False,5.0,2023-04-20,2024-04-30,,,,,,,,,,,,,198038.0,,99739.0,98299.0,88669.0,,,,,,9630.0,1134.0,8496.0,,
